<odoo>

<!--Registros de grupos en el modelo ( tabla ) res.groups-->

        <record id="group_pmant_admin" model="res.groups">
            <field name="name">Mantenimiento - ADMIN</field>
        </record>

        <record id="group_pmant_tecnico" model="res.groups">
            <field name="name">Mantenimiento - TECNICO</field>
        </record>

        <record id="group_pmant_cliente_empresa" model="res.groups">
            <field name="name">Mantenimiento -  CLIENTE EMPRESA</field>
        </record>
     
        <record id="group_pmant_cliente" model="res.groups">
            <field name="name">Mantenimiento -  CLIENTE SUCURSAL</field>
        </record>
       
	<record id="group_pmant_customer" model="res.groups">
            <field name="name">Mantenimiento -  Vendedor</field>
    </record>

    <record id="group_recibir_notificacion" model="res.groups">
            <field name="name">Recibir Notificacion  Mantenimiento</field>
    </record>

        <record id="group_pmant_manager" model="res.groups">
        <field name="name">Manager Mantenimiento</field>
        <field name="comment">The user will have access to the human resources configuration as well as statistic reports.</field>


        <field name="implied_ids" eval="[(4, ref('base.group_user'))]"/>

        <!--
            <field name="category_id" ref="pmant.mod_category_pmant"/>
        <field name="implied_ids" eval="[(4, ref('group_hr_user'))]"/>
         -->
        <field name="users" eval="[(4, ref('base.user_root')), (4, ref('base.user_admin'))]"/>

    </record>
</odoo>
