id,name,model_id:id,group_id:id,perm_read,perm_write,perm_create,perm_unlink

pmant_cliente_acc,CLIENTE_EQUIPO,model_maintenance_equipment,group_pmant_cliente,0,0,0,0
pmant_cliente_acc1,CIENTE ADJUNTO,model_adjunto_mantenimiento,group_pmant_cliente,1,0,0,0
pmant_cliente_acc3,CLIENTE  PLAN EQUIPO,model_planequipo_mantenimiento,group_pmant_cliente,1,0,0,0
pmant_cliente_acc4,CLIENTE PLANEQUIPOPROCESOS,model_planequipoproceso_mantenimiento,group_pmant_cliente,1,0,0,0
pmant_cliente_acc5,CLIENTE Plan,model_plan_mantenimiento,group_pmant_cliente,1,0,0,0
pmant_cliente_acc6,CLIENTE PLANTILLA ,model_plantilla_mantenimiento,group_pmant_cliente,1,0,0,0
pmant_cliente_acc7,CLIENTE PLANTILLA TICKET,model_plantillaticket_mantenimiento,group_pmant_cliente,1,0,0,0
pmant_cliente_acc8,CLIENTE TIPO PLAN,model_tipoplan_mantenimiento,group_pmant_cliente,1,0,0,0
pmant_cliente_acc9,CLIENTE IMAGENES,model_adjuntoimage_mantenimiento,group_pmant_cliente,1,0,0,0
pmant_cliente_acc10,TECNICO Tarea,model_tarea_mantenimiento,group_pmant_cliente,1,0,0,0
pmant_cliente_acc11,CLIENTE Tarea,model_maintenance_request,group_pmant_cliente,1,0,0,0
pmant_cliente_acc12,CLIENTE PROCESO,model_proceso_mantenimiento,group_pmant_cliente,1,0,0,0

pmant_cliente_emp_acc,CLIENTE EMP EQUIPO,model_maintenance_equipment,group_pmant_cliente_empresa,0,0,0,0
pmant_cliente_emp_acc1,CIENTE EMP ADJUNTO,model_adjunto_mantenimiento,group_pmant_cliente_empresa,1,0,0,0
pmant_cliente_emp_acc3,CLIENTE EMP PLAN EQUIPO,model_planequipo_mantenimiento,group_pmant_cliente_empresa,1,0,0,0
pmant_cliente_emp_acc4,CLIENTE EMP PLANEQUIPOPROCESOS,model_planequipoproceso_mantenimiento,group_pmant_cliente_empresa,1,0,0,0
pmant_cliente_emp_acc5,CLIENTE EMP Plan,model_plan_mantenimiento,group_pmant_cliente_empresa,1,0,0,0
pmant_cliente_emp_acc6,CLIENTE EMP PLANTILLA ,model_plantilla_mantenimiento,group_pmant_cliente_empresa,1,0,0,0
pmant_cliente_emp_acc7,CLIENTE EMP PLANTILLA TICKET,model_plantillaticket_mantenimiento,group_pmant_cliente_empresa,1,0,0,0
pmant_cliente_emp_acc8,CLIENTE EMP TIPO PLAN,model_tipoplan_mantenimiento,group_pmant_cliente_empresa,1,0,0,0
pmant_cliente_emp_acc9,CLIENTE IMAGENES,model_adjuntoimage_mantenimiento,group_pmant_cliente_empresa,1,0,0,0
pmant_cliente_emp_acc10,TECNICO Tarea,model_tarea_mantenimiento,group_pmant_cliente_empresa,1,0,0,0
pmant_cliente_emp_acc11,CLIENTE Tarea,model_maintenance_request,group_pmant_cliente_empresa,1,0,0,0
pmant_cliente_emp_acc12,CLIENTE PROCESO,model_proceso_mantenimiento,group_pmant_cliente_empresa,1,0,0,0

pmant_tecnico_acc,TECNICO PLAN EQUIPO,model_planequipo_mantenimiento,group_pmant_tecnico,1,1,1,0
pmant_tecnico_acc2,TECNICO Plan,model_plan_mantenimiento,group_pmant_tecnico,1,0,0,0
pmant_tecnico_acc3,TECNICO Tarea,model_tarea_mantenimiento,group_pmant_tecnico,1,1,1,0
pmant_tecnico_acc4,TECNICO Tipo Tarea,model_tipotarea_mantenimiento,group_pmant_tecnico,1,0,0,0
pmant_tecnico_acc6,TECNICO Procesos,model_proceso_mantenimiento,group_pmant_tecnico,1,1,0,0
pmant_tecnico_acc7,TECNICO ESTADOPROCESO,model_estadoproceso_mantenimiento,group_pmant_tecnico,1,0,0,0
pmant_tecnico_acc8,TECNICO planequipoproceso,model_planequipoproceso_mantenimiento,group_pmant_tecnico,1,1,0,0
pmant_tecnico_acc9,TECNICO OTS,model_maintenance_request,group_pmant_tecnico,1,0,0,0
pmant_tecnico_acc10,TECNICO PLANTILLA ,model_plantilla_mantenimiento,group_pmant_tecnico,1,0,0,0
pmant_tecnico_acc11,TECNICO TIPO PLAN,model_tipoplan_mantenimiento,group_pmant_tecnico,1,0,0,0
pmant_tecnico_acc12,TECNICO ADJUNTO,model_adjunto_mantenimiento,group_pmant_tecnico,1,1,1,1
pmant_tecnico_acc13,TECNICO PLANTILLA TICKET,model_plantillaticket_mantenimiento,group_pmant_tecnico,1,0,0,0
pmant_tecnico_acc14,TECNICO IMAGENES,model_adjuntoimage_mantenimiento,group_pmant_tecnico,1,1,1,1


pmant_admin_acc,ADMIN PLAN EQUIPO,model_planequipo_mantenimiento,group_pmant_admin,1,1,1,1
pmant_admin_acc1,ADMIN ADJUNTO,model_adjunto_mantenimiento,group_pmant_admin,1,1,1,1
pmant_admin_acc2,ADMIN Plan,model_plan_mantenimiento,group_pmant_admin,1,1,1,1
pmant_admin_acc3,ADMIN Tarea,model_tarea_mantenimiento,group_pmant_admin,1,1,1,1
pmant_admin_acc4,ADMIN tipo Tarea,model_tipotarea_mantenimiento,group_pmant_admin,1,1,1,1
pmant_admin_acc5,CLIENTE IMAGENES,model_adjuntoimage_mantenimiento,group_pmant_admin,1,1,1,1
pmant_admin_acc6,ADMIN Procesos,model_proceso_mantenimiento,group_pmant_admin,1,1,1,1
pmant_admin_acc7,ADMIN ESTADOPROCESO,model_estadoproceso_mantenimiento,group_pmant_admin,1,1,1,1
pmant_admin_acc8,ADMIN planequipoproceso,model_planequipoproceso_mantenimiento,group_pmant_admin,1,1,1,1
pmant_admin_acc9,ADMIN OTS,model_maintenance_request,group_pmant_admin,1,1,1,1
pmant_admin_acc10,ADMIN TIPO PLAN,model_tipoplan_mantenimiento,group_pmant_admin,1,1,1,1
pmant_admin_acc11,ADMIN GRUPO PROCESO,model_grupoproceso_mantenimiento,group_pmant_admin,1,1,1,1
pmant_admin_acc12,ADMN PRIORIDAD,model_prioridad_mantenimiento,group_pmant_admin,1,1,1,1
pmant_admin_acc13,ADMN PLANTILLA,model_plantilla_mantenimiento,group_pmant_admin,1,1,1,1
pmant_admin_acc14,ADMN PLANTILLA TICKET,model_plantillaticket_mantenimiento,group_pmant_admin,1,1,1,1
pmant_admin_acc15,ADMN PLANTILLA TICKET,model_certificado_wizard,group_pmant_admin,1,1,1,1
